{
    "Clause 24": {
        "Delivery of Battery Packages to Site and Urgent Protection": {
            "24.1 Notice to Ship and Delivery of Battery Packages to Site": {
                "(b)": {
                    "action": "replace",
                    "changes": [
                        {
                            "replace": "no later than 5 Business Days",
                            "with": "no later than 5 Business Days or a mutually agreed-upon timeframe"
                        }
                    ]
                },
                "(d)": {
                    "action": "replace",
                    "changes": [
                        {
                            "replace": "commence shipping the relevant Battery Package",
                            "with": "commence shipping the relevant Battery Package within a reasonable time"
                        },
                        {
                            "add": "subject to any unforeseen logistical or transportation challenges",
                            "after": "within a reasonable time"
                        }
                    ]
                },
                "(e)(ii)": {
                    "action": "add",
                    "changes": [
                        {
                            "add": "If the Principal delays issuing the Notice to Ship beyond the agreed Date for Shipment, any additional storage costs or logistics incurred by the Battery Supplier shall be compensated by the Principal, or the Battery Supplier may claim an extension of time in accordance with clause 19.3.",
                            "position": "end of sub-clause"
                        }
                    ]
                },
                "(f)": {
                    "action": "replace",
                    "changes": [
                        {
                            "replace": "will be borne by the Battery Supplier",
                            "with": "will be borne by the Principal, except in cases where the Battery Supplier has failed to follow the shipping instructions and timelines as set forth by the Principal in the Notice to Ship"
                        }
                    ]
                },
                "(g)": {
                    "action": "add",
                    "changes": [
                        {
                            "add": "provided that such costs were incurred due to delays directly caused by the Battery Supplier’s failure to comply with the agreed shipping timelines",
                            "after": "a debt due and payable from the Battery Supplier to the Principal"
                        }
                    ]
                }
            },
            "24.2 Urgent Protection": {
                "(a)": {
                    "action": "replace",
                    "changes": [
                        {
                            "replace": "fails to take the action",
                            "with": "fails to take such action despite receiving written notice from the Principal with reasonable time to respond"
                        },
                        {
                            "add": "If the action was action which the Battery Supplier should have taken at the Battery Supplier’s cost, the reasonable cost incurred by the Principal in the circumstances will be a debt due and payable immediately from the Battery Supplier to the Principal.",
                            "position": "end of sub-clause"
                        }
                    ]
                },
                "(b)": {
                    "action": "add",
                    "changes": [
                        {
                            "add": "If the Principal takes action without prior notice due to a genuine emergency, the Battery Supplier shall only be liable for reasonable costs directly related to the protection of the Equipment.",
                            "position": "end of sub-clause"
                        }
                    ]
                }
            }
        }
    }
}